Total,Afrikaans,Black African,Coloured,English,Female,Indian or Asian,Male,Sepedi,Sesotho,Setswana,SiSwati,Sign language,Tshivenda,White,Xitsonga,isiNdebele,isiXhosa,isiZulu,locID
15780,49,5240,21,147,2503,3,2764,1440,434,536,40,67,259,1,608,135,370,1163,Alexandra Ext 1
5555,5,1837,5,17,876,0,989,413,117,176,20,0,176,0,273,40,115,496,Alexandra Ext 10
2046,15,680,0,16,366,3,317,133,105,142,6,7,25,0,31,14,25,161,Alexandra Ext 11
1038,2,332,0,9,159,0,194,91,13,15,3,9,8,0,28,12,50,113,Alexandra Ext 12
3486,3,1154,10,17,560,0,604,271,110,89,15,4,76,0,93,44,78,358,Alexandra Ext 13
8361,23,2796,1,38,1293,0,1504,510,190,118,16,37,282,0,335,49,622,547,Alexandra Ext 14
4247,14,1414,3,16,719,0,701,314,120,56,19,1,181,0,179,18,95,397,Alexandra Ext 15
2675,6,890,2,24,447,0,445,255,98,120,5,0,23,0,42,13,29,276,Alexandra Ext 16
6596,13,2181,7,53,1166,8,1042,460,291,369,2,15,69,0,117,34,100,669,Alexandra Ext 17
1869,4,624,0,20,299,0,326,129,44,30,1,2,60,0,41,12,47,230,Alexandra Ext 18
1906,5,644,0,5,344,0,299,143,49,25,1,0,41,0,79,1,11,259,Alexandra Ext 19
1537,11,513,0,18,283,0,229,151,41,82,13,1,20,0,65,12,15,83,Alexandra Ext 2
4527,22,1512,1,22,702,0,812,501,143,147,7,0,195,1,108,16,77,261,Alexandra Ext 20
6528,6,2170,0,194,1069,0,1109,561,102,154,14,6,155,9,338,35,197,409,Alexandra Ext 21
8676,18,2874,16,47,1410,3,1485,687,168,198,24,38,223,3,266,58,436,722,Alexandra Ext 22
7343,7,2443,6,42,1123,1,1334,821,127,136,25,7,119,2,101,125,397,527,Alexandra Ext 23
9388,48,3116,8,65,1501,1,1648,582,163,378,27,12,92,2,127,82,90,1446,Alexandra Ext 24
8875,9,2939,3,69,1046,4,1919,61,73,42,26,7,24,6,33,77,107,2430,Alexandra Ext 26
3316,50,1056,47,15,547,6,564,304,70,193,12,4,39,0,107,24,87,191,Alexandra Ext 27
5309,2,1772,3,137,644,1,1137,62,25,32,1,4,7,2,7,19,28,1426,Alexandra Ext 28
362,0,121,0,0,64,0,57,50,24,1,0,0,8,0,0,0,20,17,Alexandra Ext 29
2694,0,893,1,3,451,0,452,140,54,117,7,6,89,1,147,6,73,254,Alexandra Ext 3
1221,0,404,2,7,223,1,185,93,43,100,10,0,0,0,45,3,0,105,Alexandra Ext 30
10877,32,3617,10,79,1676,4,1965,655,202,192,25,15,97,5,189,94,340,1680,Alexandra Ext 31
9182,26,3037,7,67,1431,5,1638,114,93,60,29,7,40,9,50,61,164,2344,Alexandra Ext 32
5473,4,1812,7,31,906,0,924,678,175,176,7,14,75,0,158,33,91,382,Alexandra Ext 33
10195,7,3408,4,22,1603,3,1827,906,324,251,28,21,153,0,448,83,316,791,Alexandra Ext 34
5239,13,1739,6,28,830,1,920,317,155,116,16,14,124,0,325,17,130,488,Alexandra Ext 35
4497,8,1472,0,51,667,0,836,256,85,21,20,4,111,27,142,117,313,367,Alexandra Ext 36
1160,0,384,0,3,176,0,211,135,36,24,5,6,45,1,29,6,40,59,Alexandra Ext 37
5225,11,1745,1,15,853,0,894,372,106,138,20,3,130,1,268,38,242,388,Alexandra Ext 38
5423,12,1813,1,37,889,1,928,480,171,148,7,12,45,1,191,43,91,553,Alexandra Ext 39
1051,3,347,0,9,194,0,156,101,23,39,0,1,8,3,25,6,30,106,Alexandra Ext 4
11488,39,3766,25,48,1746,1,2119,969,231,224,31,18,209,3,999,90,221,749,Alexandra Ext 40
8930,9,2966,8,59,1352,0,1642,717,212,156,11,58,213,5,454,82,498,488,Alexandra Ext 41
7658,14,2546,5,32,1289,1,1265,640,140,189,19,0,135,0,416,43,175,749,Alexandra Ext 42
6043,8,2008,5,51,984,3,1031,478,168,192,24,7,124,0,262,23,156,519,Alexandra Ext 43
11885,16,3957,9,38,1881,1,2092,1091,206,309,66,25,165,3,496,118,504,908,Alexandra Ext 44
10710,31,3588,5,113,1732,0,1863,881,244,379,34,18,203,3,309,65,446,796,Alexandra Ext 45
11021,21,3660,5,55,1715,0,1969,990,237,423,20,14,162,6,225,83,474,962,Alexandra Ext 46
4696,17,1532,6,31,775,1,800,352,73,220,33,6,94,9,77,40,293,337,Alexandra Ext 47
1324,3,441,2,8,236,0,207,70,75,96,3,2,13,0,17,0,16,135,Alexandra Ext 48
593,0,198,0,1,99,0,99,27,15,61,11,0,2,0,16,0,10,54,Alexandra Ext 5
12679,44,4101,66,104,2497,6,1788,1137,197,510,43,33,141,5,379,102,913,613,Alexandra Ext 50
10127,78,3321,26,57,1627,12,1781,982,263,595,28,11,99,3,181,70,208,785,Alexandra Ext 51
2880,42,946,15,53,492,0,471,220,73,181,20,14,23,2,50,32,78,168,Alexandra Ext 52
9049,40,2990,33,94,1533,0,1490,682,195,609,9,18,157,0,222,83,120,774,Alexandra Ext 53
4474,11,1490,0,13,750,0,743,375,107,220,27,9,80,1,97,34,178,339,Alexandra Ext 54
4715,25,1555,11,25,805,5,771,476,82,297,24,1,70,0,108,23,83,354,Alexandra Ext 55
8062,27,2664,13,66,1316,3,1380,708,182,431,27,19,188,3,185,47,163,640,Alexandra Ext 56
4543,7,1527,0,40,786,0,747,330,174,187,38,18,18,0,131,13,189,338,Alexandra Ext 57
12034,29,4007,7,77,2037,3,1984,1029,394,406,19,27,184,3,342,81,363,1042,Alexandra Ext 58
5328,29,1757,23,11,836,0,950,334,53,67,24,0,120,2,346,31,284,461,Alexandra Ext 59
1640,8,545,1,24,277,0,269,148,44,52,6,13,11,0,24,12,35,171,Alexandra Ext 6
6589,9,2202,3,89,1047,1,1160,501,130,96,36,8,180,0,277,39,336,475,Alexandra Ext 60
11754,31,3904,16,214,1866,1,2061,740,288,276,15,32,173,6,478,94,494,1065,Alexandra Ext 61
10059,35,3328,11,53,1586,13,1787,775,224,403,23,14,168,2,276,97,308,956,Alexandra Ext 62
11960,47,3968,13,56,1954,1,2059,774,226,447,33,37,259,4,345,109,907,721,Alexandra Ext 63
10686,46,3527,30,124,1697,0,1881,897,179,496,62,23,191,5,370,78,460,620,Alexandra Ext 65
8326,47,2684,73,107,1408,3,1375,482,285,691,23,37,97,19,168,86,106,635,Alexandra Ext 66
7595,54,2484,54,57,1262,1,1279,771,177,363,42,12,110,0,140,56,120,613,Alexandra Ext 68
1084,5,361,0,9,207,0,154,101,40,14,6,0,1,0,23,10,11,142,Alexandra Ext 7
48,0,16,0,0,6,0,10,7,0,0,0,0,0,0,2,0,1,6,Alexandra Ext 70
0,0,0,0,0,0,0,0,0,0,0,0,0,0,0,0,0,0,0,Alexandra Ext 73
2356,7,782,3,1,411,0,375,221,107,73,12,15,7,0,36,23,66,217,Alexandra Ext 8
3752,8,1231,8,57,659,0,592,249,115,87,15,25,53,12,152,22,122,345,Alexandra Ext 9
17820,29,5946,8,104,2718,4,3252,1666,365,375,55,13,418,5,778,146,925,1013,Alexandra SP
20274,48,6734,28,157,3530,0,3240,1680,662,784,85,29,285,3,701,160,535,1613,East Bank
6405,7,2137,4,27,979,1,1163,650,72,150,7,2,119,0,506,32,246,303,Far East Bank
9831,18,3300,4,82,1706,1,1607,838,254,430,51,17,116,0,275,101,245,786,Far East Bank Ext
8730,25,2915,7,56,1481,0,1445,496,317,241,37,2,102,3,260,121,303,919,Far East Bank Ext 1
8455,33,2821,18,70,1504,0,1343,601,298,221,65,21,73,4,266,63,227,827,Far East Bank Ext 2
30017,56,9930,36,199,5285,8,4773,2504,921,1259,127,40,379,9,821,298,645,2727,Far East Bank Ext 3
0,0,0,0,0,0,0,0,0,0,0,0,0,0,0,0,0,0,0,Far East Bank Ext 4
1645,6,550,0,8,278,0,271,153,32,59,2,0,27,0,53,7,33,166,Far East Bank Ext 6
17715,28,5882,12,120,2885,4,3090,1354,330,347,58,23,207,5,995,253,774,1348,Far East Bank Ext 7
4201,4,1391,0,17,656,1,785,210,114,128,24,2,97,4,222,115,92,339,Far East Bank Ext 8
15320,6,5109,1,90,1914,0,3216,1055,140,100,49,5,187,6,2798,61,347,236,Sejwetla
4707,172,695,27,826,803,16,850,59,29,29,2,5,20,833,20,116,46,159,Chartwell AH
219,7,39,0,29,35,1,40,1,2,15,0,0,3,31,2,6,2,6,North Champagne Estates AH
2086,51,545,42,152,327,37,386,4,167,37,6,15,4,78,28,6,51,150,Althea AH
24924,1047,6435,551,1357,3777,351,4760,674,991,881,89,26,322,1157,348,323,693,1142,City of Johannesburg NU
2018,8,681,0,19,307,1,375,122,23,74,2,2,63,0,51,37,125,128,Diepsloot Nature Reserve
0,0,0,0,0,0,0,0,0,0,0,0,0,0,0,0,0,0,0,Lanseria Airport
12416,200,1152,76,2859,2378,341,2061,96,69,94,2,16,35,2704,36,58,62,177,Dainfern Golf Estate
2375,54,186,17,539,474,95,371,14,19,17,0,0,1,526,2,15,7,38,Dainfern Ridge
3731,73,368,19,892,686,69,631,35,10,29,1,0,2,796,13,12,36,59,Dainfern Valley Estate
2762,44,870,19,95,427,11,592,58,66,59,7,1,31,95,28,96,47,216,Diepsloot AH
30852,96,10127,52,140,4472,5,6066,1913,618,817,119,11,1314,5,1725,935,642,1795,Diepsloot SP
65996,105,22256,43,873,10349,16,12253,3461,1108,2209,304,64,1379,14,1305,2739,1356,6162,Diepsloot West
67321,122,22433,58,697,10836,48,11918,5142,933,1832,203,55,1841,31,1557,3091,1366,5158,Diepsloot West 1
74042,109,24930,28,521,11873,26,13373,5788,1005,2032,253,47,2260,11,1798,3250,1511,5227,Diepsloot West 2
3,0,1,0,0,0,0,1,0,0,0,0,0,0,0,0,1,0,0,Diepsloot West 4
33045,46,11014,26,254,5042,13,6087,3018,401,858,101,14,1326,11,950,1090,544,2250,Diepsloot West 5
14384,16,4931,0,95,2367,6,2603,1112,196,497,57,12,443,5,301,452,329,962,Diepsloot West 7
16650,8,5230,4,54,2756,0,3068,1160,333,571,36,12,533,0,505,889,264,1227,Diepsloot West 9
23280,39,7715,1,428,3532,5,4408,1931,269,490,60,45,715,22,1236,660,455,1269,Diepsloot West Ext. 6 Business S
69856,81,23501,13,292,9909,17,13728,7556,820,1106,213,76,2888,14,5064,1028,1239,2311,Diepsloot West Reception
7813,19,2621,5,95,1383,8,1286,402,115,282,23,5,224,5,96,238,139,867,Tanganani
18325,57,6100,14,32,3120,3,3003,113,2007,284,69,162,77,4,279,60,361,2580,Drie Ziek Ext 1
3533,3,1174,0,16,581,3,605,47,347,90,6,13,21,1,50,25,36,515,Drie Ziek Ext 2
38469,72,12823,21,123,6382,13,6515,420,3310,453,115,111,217,1,1160,210,1004,5519,Drie Ziek Ext 3
22264,73,7344,17,164,3785,3,3657,218,2069,246,74,56,134,59,458,58,700,3149,Drie Ziek Ext 4
17557,22,5833,22,82,2955,3,2918,127,1754,197,33,64,106,12,423,75,633,2298,Drie Ziek Ext 5
2580,14,861,0,25,449,0,412,21,216,39,6,5,2,0,74,8,54,394,Drie Ziek Ext 6
3715,5,1231,7,59,606,0,636,31,271,43,7,4,9,0,55,5,179,567,Drie Ziek Ext 7
6772,18,2262,13,113,1110,1,1170,495,127,146,25,13,82,4,277,175,201,540,Ebony Park Ext 1
8373,35,2791,20,64,1395,5,1436,753,162,152,63,6,104,1,217,114,182,873,Ebony Park Ext 2
10215,69,3386,31,245,1657,1,1788,908,168,187,73,22,72,3,240,212,272,881,Ebony Park Ext 3
4067,5,1371,1,21,709,0,664,499,71,158,19,1,56,1,111,67,63,250,Ebony Park Ext 4
6263,30,2076,26,257,1043,4,1063,640,121,180,17,3,37,0,100,81,139,446,Ebony Park Ext 5
8623,28,2872,24,67,1475,5,1426,804,236,271,59,15,89,0,183,97,188,784,Ebony Park Ext 6
21877,36,7307,21,141,3654,4,3719,2570,512,679,112,26,371,5,580,238,471,1431,Ebony Park SP
16535,2391,939,4428,2386,2923,65,2630,40,178,77,3,22,49,8,28,25,56,287,Ennerdale Ext 1
4340,492,576,845,427,735,25,711,23,143,52,0,2,15,1,8,7,44,234,Ennerdale Ext 10 & 11
7022,678,1001,1328,733,1208,14,1142,68,238,118,2,11,33,1,33,3,90,321,"Ennerdale Ext 12, 13 & 14"
20417,2093,2326,4352,2732,3556,66,3305,75,452,264,9,41,34,9,115,57,107,824,Ennerdale Ext 2
8655,882,492,2322,1592,1526,60,1375,27,81,63,0,6,7,0,37,6,49,130,Ennerdale Ext 3
3268,709,222,928,191,561,3,595,2,14,11,0,3,0,3,0,2,8,16,Ennerdale Ext 6
21014,2095,4692,2257,842,3586,55,3455,172,882,500,36,60,102,5,196,60,358,1661,Ennerdale Ext 8
8938,740,1101,1867,1384,1557,14,1438,61,245,94,4,15,25,0,19,15,73,286,Ennerdale Ext 9
50779,204,16830,99,325,8310,12,8675,769,4741,1066,128,94,1210,16,1962,151,2019,4168,Ennerdale South
47447,200,15869,95,370,7715,43,8376,679,3949,1412,191,175,411,10,1354,223,2546,3829,Finetown
1260,55,362,43,10,202,3,223,35,79,25,0,7,7,1,27,13,105,63,Hopefield Informal
3202,76,1006,67,78,558,0,518,33,219,36,10,24,16,3,83,23,199,253,Kapok Informal
20695,3393,1793,5005,2128,3508,62,3426,70,300,141,38,42,41,22,55,46,133,492,Mid-Ennerdale
2994,121,442,6,479,470,2,581,58,13,45,6,0,18,590,21,44,24,74,Farmall AH
15405,49,5098,17,258,2272,1,2972,1157,387,691,54,15,792,27,373,419,223,600,Itsoseng SP
68264,71,23100,37,397,10571,12,12667,5828,1028,528,608,62,660,19,5768,853,1296,4759,Ivory Park Ext 10
58888,106,19695,56,331,9111,43,10957,5578,720,395,495,39,523,14,5490,634,1364,3337,Ivory Park Ext 12
32910,35,11189,12,257,5231,26,6040,2501,472,361,286,22,243,9,2805,393,939,2089,Ivory Park Ext 13
97699,173,32866,67,718,15091,44,18178,7209,1408,977,383,151,1290,14,4208,3315,3766,7841,Ivory Park Ext 2
36163,47,12114,33,266,5593,13,6593,2398,579,347,174,75,417,10,2244,1156,704,3400,Ivory Park Ext 5
33905,35,11374,6,178,5321,34,6256,2277,553,306,186,30,355,8,2136,717,570,3563,Ivory Park Ext 6
46954,57,15845,19,177,7544,21,8406,3677,846,540,336,37,537,10,3336,665,1238,3663,Ivory Park Ext 7
81068,79,26992,58,364,12756,35,14884,6108,1378,621,769,59,628,41,8185,977,1595,5539,Ivory Park Ext 8
85824,137,29025,54,463,13306,49,15879,7352,1411,797,675,95,917,18,7210,974,2223,5239,Ivory Park Ext 9
1152,4,139,7,262,218,17,170,13,5,24,1,0,1,223,9,13,10,36,Abbotsford
28,0,11,0,0,1,0,10,1,0,0,0,0,1,0,1,0,0,3,Aeroton
6798,242,1075,441,1115,1233,254,1050,70,151,121,8,1,27,507,109,16,76,302,Alan Manor
10404,64,3279,114,443,1823,26,1670,318,472,367,42,17,217,70,189,52,280,961,Alveda
132,0,14,1,2,49,0,59,0,0,2,0,0,0,0,4,1,0,0,Amalgam
4578,154,501,101,915,817,278,739,25,96,50,6,5,21,654,48,19,39,110,Aspen Hills Nature Estate
9451,539,1693,109,1278,1737,432,1540,141,161,224,59,0,49,980,38,54,123,294,Auckland Park
671,9,131,4,130,131,0,98,7,1,15,0,0,1,82,7,20,6,29,Bagleyston
13562,521,1133,157,3063,2475,715,2158,89,191,119,9,18,31,2507,42,19,78,237,Bassonia
25865,82,8958,154,2110,4543,49,4780,387,165,259,106,45,90,145,72,1159,314,2447,Bellevue
23966,80,8047,190,2054,4178,36,4354,221,172,234,149,91,60,174,85,1144,348,2349,Bellevue East
69,4,5,0,17,11,3,12,0,0,2,0,0,0,15,0,0,0,0,Benrose
123028,332,41559,396,5540,20947,365,21854,2109,1011,1475,352,299,1506,305,1048,7986,1941,14003,Berea
10860,423,3011,297,631,1907,131,1999,232,175,132,44,13,45,418,76,279,254,793,Bertrams
25978,537,5928,927,4186,4524,1151,4728,139,196,199,71,31,75,1032,135,329,274,1516,Bezuidenhout Valley
2883,58,294,13,647,520,67,464,40,19,59,1,2,7,588,5,24,8,67,Birdhaven
4546,96,581,48,914,822,115,802,40,30,40,4,2,7,862,9,47,29,98,Birnam
9046,153,2325,126,748,1555,470,1608,162,185,215,56,16,61,227,140,117,343,539,Booysens
159,0,53,0,3,27,0,26,2,8,3,0,0,1,0,2,1,12,21,Booysens Reserve
5216,106,1197,64,707,919,143,851,94,93,148,7,5,12,360,41,84,87,298,Bramley
13870,45,4437,68,538,2494,136,2212,981,328,688,51,19,184,61,208,137,286,997,Bramley View
11613,381,3060,304,1000,2060,272,2007,258,263,485,112,27,148,373,112,105,161,485,Brixton
6353,132,737,79,1546,1183,460,1077,19,31,33,10,4,3,903,12,30,33,61,Bruma
2717,56,235,19,651,481,117,430,53,18,33,9,0,5,541,9,6,9,45,Bushwillow Park
2642,57,174,7,710,480,29,408,12,15,21,5,1,1,663,1,25,2,31,Cheltondale
3322,192,312,203,649,570,232,563,30,33,22,2,0,0,348,7,17,27,115,Chrisville
7854,25,2703,7,198,1284,2,1435,120,86,54,27,8,51,5,76,146,161,1466,City and Suburban
4011,4,1337,0,29,329,1,1009,362,52,27,10,0,119,0,116,10,389,217,City Deep Gold Mine
6653,9,2280,37,57,1086,2,1255,143,83,55,32,2,46,20,127,59,211,1149,Cleveland
1694,91,378,129,186,271,16,302,15,51,27,6,0,18,49,25,11,32,87,Comptonville
6634,65,1282,80,1238,1241,213,994,160,82,149,19,5,41,650,38,38,79,260,Corlett Gardens
14412,294,2915,1846,1740,2375,31,2473,237,305,1446,23,8,90,34,121,37,153,284,Coronationville
2917,4,1207,47,22,1001,32,402,4,8,23,8,1,0,106,8,17,7,20,Cottesloe
16,1,4,2,2,1,0,5,0,0,0,0,0,0,0,0,0,0,1,Croesus
17741,846,1269,377,3890,3138,3564,2973,83,145,223,14,12,33,781,63,84,62,184,Crosby
1319,7,460,6,29,171,0,295,7,68,18,2,6,16,0,24,41,65,104,Crown
11433,885,1042,693,1767,2190,897,1920,99,129,91,21,7,40,1188,57,33,75,299,Crown Gardens
462,23,124,24,10,59,0,95,24,9,24,0,1,13,6,6,1,15,28,Crown Mine
2212,23,61,7,606,437,666,365,7,10,9,3,6,2,0,4,3,1,2,Crown North
851,2,278,0,19,150,0,142,62,16,46,3,1,0,0,8,14,9,101,Crystal Gardens
9078,115,905,103,1905,1686,1160,1731,72,40,29,16,7,17,1061,21,46,37,127,Cyrildene
21537,43,7104,25,163,2052,19,5205,150,117,134,61,20,32,24,162,244,178,5804,Denver
114951,812,37550,635,3626,18935,49,19749,2342,4068,1368,524,147,1529,113,6874,636,5087,10907,Devland
4011,177,521,191,739,778,151,647,21,27,23,19,8,2,547,13,28,44,75,Dewetshof
11982,29,4359,49,607,1822,20,2662,277,121,170,82,10,101,53,97,218,199,1106,Doornfontein
654,47,169,33,19,115,0,103,8,11,34,2,1,5,16,4,2,18,67,Doornkop Military Base
0,0,0,0,0,0,0,0,0,0,0,0,0,0,0,0,0,0,0,Dorelan
8967,4,2985,2,10,111,1,2884,19,7,17,4,6,9,6,13,46,14,2829,Droste Park
1717,11,437,19,227,303,49,306,23,24,25,6,1,11,103,8,28,21,115,Dunsevern
13591,72,4539,30,68,2007,1,2572,385,1137,240,77,29,181,6,543,245,534,925,Eikenhof
3985,36,1250,62,142,734,5,603,152,211,145,22,3,136,10,43,32,66,333,Eikenhof SP1
13976,758,2241,404,2006,2442,753,2347,111,297,186,25,13,74,1302,133,65,153,666,Elandspark
1321,110,89,343,268,215,8,226,1,23,6,0,0,0,0,1,1,13,17,Eldorado Estate
195389,37230,8130,55884,23370,33993,740,31705,132,1052,825,78,186,120,116,234,160,363,1071,Eldorado Park
92,1,38,0,0,10,0,28,0,3,1,0,0,0,0,2,2,1,6,Electron
1756,70,175,66,373,322,286,267,5,34,21,1,0,2,52,0,5,12,65,Evans Park
3187,57,329,6,754,564,1,509,42,17,40,5,0,1,738,7,35,17,65,Fairmount
1143,5,123,0,282,219,0,163,22,5,16,0,1,0,257,3,12,9,26,Fairmount Ridge
1255,8,77,5,339,235,0,185,16,3,20,1,0,0,338,5,12,2,9,Fairvale
4958,27,1606,39,184,832,22,884,85,79,50,37,20,21,45,123,94,94,716,Fairview
1990,75,224,12,388,396,22,271,38,15,51,1,3,2,406,10,19,12,45,Fairway
1044,6,129,0,223,179,14,170,21,18,18,1,0,2,206,9,1,8,39,Fairwood
910,72,86,2,179,163,16,146,2,13,6,0,2,6,191,0,3,1,22,Fellside
1691,12,460,21,120,213,128,412,49,32,59,2,0,18,14,27,6,36,82,Ferreirasdorp
6541,46,1086,50,1008,1053,1175,1297,65,65,116,8,10,25,7,17,59,104,350,Fordsburg
16544,613,3977,622,1557,2897,201,2847,163,352,158,53,26,80,899,94,423,583,999,Forest Hill
3132,102,315,13,701,542,83,530,19,20,33,1,1,15,630,22,26,20,59,Forest Town
407,4,57,6,96,78,10,57,4,9,6,0,0,0,62,4,7,0,7,Formain
126,5,16,6,22,22,6,20,4,2,0,0,0,0,14,4,0,2,3,Founders Hill
31867,58,10643,26,502,5050,9,5705,572,1362,305,86,25,488,6,2209,211,1578,3032,Freedom Park
19798,31,6590,6,133,929,10,5687,155,223,116,19,28,20,8,58,154,96,5535,George Goch
3027,66,306,215,676,526,249,501,0,65,43,0,5,6,247,19,7,35,61,Gillview
9075,290,943,217,2068,1636,502,1470,54,129,47,17,6,16,1302,38,30,75,235,Glenanda
2865,302,512,131,242,465,30,565,27,29,22,4,2,2,340,23,21,62,86,Glenesk
8904,70,693,16,2301,1644,3,1348,107,70,129,5,6,5,2252,19,34,56,146,Glenhazel
1334,24,63,2,363,263,3,185,22,2,4,0,0,1,378,0,9,6,9,Glensan
30084,1375,2316,446,6829,5336,1119,4841,126,337,222,37,17,51,6138,89,45,219,541,Glenvista
18081,658,1794,198,4262,3183,1092,2938,148,151,126,19,11,42,2943,21,58,117,320,Greenstone Hill
987,35,58,17,242,160,70,180,5,5,1,0,0,1,186,1,1,6,19,Greenstone Park
4068,54,843,77,660,771,130,671,73,44,98,5,1,17,368,22,26,48,160,Gresswold
6596,390,1118,322,917,1148,132,1123,35,115,77,7,6,17,673,46,61,84,325,Haddon
181,2,34,1,31,37,0,25,3,0,7,0,0,1,27,0,2,1,10,Hawkins Estate
21,0,7,0,0,3,0,4,2,0,3,0,0,1,0,0,0,0,1,Heriotdale
4111,21,1390,22,94,652,12,805,69,44,25,8,1,27,26,38,257,74,546,Highlands
14393,236,2007,107,3035,2570,276,2344,197,93,205,15,10,35,2431,61,169,133,469,Highlands North
214334,754,72888,638,7056,36649,189,37481,5126,2154,2714,716,301,2744,296,2052,11716,4234,26626,Hillbrow
4059,158,291,32,975,740,962,683,13,32,40,2,7,6,32,11,20,17,38,Homestead Park
22605,427,3097,158,4524,3939,1762,3928,294,221,279,39,32,94,2695,121,212,185,598,Houghton Estate
5317,110,1751,265,266,1178,84,1143,50,32,80,9,2,12,209,13,15,15,83,Hurst Hill
111,0,18,17,18,18,0,20,2,4,1,0,0,0,0,0,1,4,8,Industria
26,0,10,0,0,0,0,10,0,1,0,0,0,1,0,0,1,0,3,Industria West
7641,1204,889,873,651,1319,96,1325,72,93,138,8,10,17,752,33,37,46,78,Jan Hofmeyer
42559,474,13211,534,1857,7140,297,7655,431,396,278,254,52,171,602,270,404,704,7829,Jeppestown
20620,201,8571,629,130,1546,160,8196,105,146,97,21,16,36,364,60,15,106,221,Johannesburg Prison
113571,607,38223,1017,4857,21010,2427,22157,2137,1353,1751,575,166,1120,1060,1284,2500,2429,8898,Johannesburg SP
6769,84,1993,111,428,1150,217,1302,80,75,42,39,11,37,58,59,154,196,733,Judith's Paarl
25375,696,7067,635,2399,4509,234,4493,147,344,183,65,99,78,997,339,532,1011,1547,Kenilworth
51455,993,8810,1221,8808,9701,1815,9497,237,349,223,122,40,120,7095,171,258,364,1631,Kensington
1049,26,79,3,260,200,18,155,11,5,19,0,0,0,243,6,6,5,13,Kentview
17612,106,5079,122,1604,2920,387,3039,623,347,440,53,112,150,355,213,232,466,1364,Kew
1222,55,90,48,278,210,57,202,8,32,5,0,0,0,212,7,3,6,9,Kibler Park 1
16733,1077,2472,784,2329,2948,383,2671,176,395,349,39,16,84,1956,85,69,185,715,Kibler Park 2
15069,297,1829,119,3212,2975,1382,2228,264,113,272,34,9,37,1634,49,123,140,352,Killarney
39225,85,13147,50,437,6578,5,6742,3209,703,963,228,63,580,10,701,942,1703,3079,Klipfontein View
4079,693,320,528,367,709,8,664,17,22,16,0,11,0,518,29,6,82,89,Klipriviersberg Estate
9,0,3,0,0,0,0,3,0,1,0,0,0,0,0,0,0,1,1,Klipriviersberg Nature Reserve
31269,6101,1021,9229,3613,5375,148,5093,38,92,112,5,26,73,9,73,31,78,152,Klipspruit West
3444,113,242,18,834,616,48,547,28,38,11,12,1,1,853,1,8,32,41,Lakeside
3752,97,352,104,851,623,697,669,18,41,72,2,0,9,108,8,25,10,66,Langlaagte North
13938,142,4498,234,827,2447,50,2684,235,260,109,104,6,37,343,310,210,489,953,La Rochelle
12139,222,2838,206,1511,2126,348,1959,210,544,304,32,19,112,668,131,43,170,696,Liefde en Vrede
3406,183,737,108,343,559,71,597,28,68,32,5,2,8,239,50,53,101,222,Lindberg Park
10665,146,1222,48,2490,2076,56,1620,160,65,98,12,3,15,2358,28,47,60,161,Linksfield
11668,191,1786,209,2672,2080,482,1996,98,92,83,18,5,18,1415,55,58,113,297,Linksfield Ridge
8377,347,672,182,1876,1527,166,1385,28,54,28,1,0,21,1832,16,29,67,146,Linmeyer
39465,198,11847,201,1915,6562,319,6844,2328,1051,1062,168,29,667,973,1222,959,630,2490,Lombardy East
3143,6,1032,14,101,544,6,514,162,76,131,6,33,33,6,94,46,105,234,Lombardy West
8244,224,2031,612,585,1206,30,1567,195,154,181,11,4,8,92,305,58,439,542,Longdale
87,2,9,0,17,12,8,17,3,1,1,0,0,0,12,0,0,0,5,Longmeadow Business Estate
8390,59,2729,145,550,1456,84,1576,91,58,99,106,0,31,70,46,291,212,787,Lorentzville
11217,133,2152,146,2071,1959,361,1855,184,150,176,44,18,36,1130,48,98,150,506,Lyndhurst
30290,625,9051,659,2022,5049,151,5476,379,289,196,190,11,202,590,256,367,605,4172,Malvern
13125,56,4360,83,581,2262,35,2250,266,323,312,65,16,107,30,204,229,539,1407,Marshalltown
1289,152,142,139,156,216,42,232,22,23,23,1,0,0,125,1,3,0,12,Martindale
250,3,54,7,36,43,0,43,13,2,5,0,0,0,25,1,7,1,10,Maryvale
31640,495,3839,498,6611,5965,6244,6062,168,265,404,36,50,103,177,80,175,106,362,Mayfair
13279,451,1203,224,3051,2300,2812,2369,44,127,119,5,6,27,309,33,54,37,108,Mayfair West
3658,213,400,104,631,660,95,569,22,77,67,9,4,19,619,22,6,21,120,Mayfield Park
3246,85,398,3,692,630,36,473,31,25,48,3,5,3,641,18,43,22,90,Melrose
2160,41,249,15,497,388,43,341,28,25,15,0,0,1,417,12,14,18,56,Melrose Estate
9744,755,1120,107,1675,1722,173,1633,69,85,149,9,18,17,1866,18,52,62,214,Melville
18488,489,4398,1200,1883,3356,275,2871,280,760,581,36,21,215,283,196,56,332,1256,Meredale
392,19,109,0,9,27,0,104,17,22,14,3,0,2,22,3,4,12,25,Modderfontein
0,0,0,0,0,0,0,0,0,0,0,0,0,0,0,0,0,0,0,Moffat Park
5623,690,628,652,626,996,178,922,52,71,40,8,13,4,446,18,24,84,171,Moffat View
23786,837,3614,1313,4121,4286,1083,3735,217,555,392,44,22,134,1869,175,112,270,1007,Mondeor
1057,13,174,7,214,165,3,192,10,2,13,1,5,1,165,5,18,8,61,Mountain View
19405,809,1776,325,4218,3509,890,3136,69,285,182,3,13,30,3464,77,37,154,428,Mulbarton
2026,103,224,420,496,319,26,376,1,14,19,0,1,0,0,0,9,0,18,Nancefield
552,4,163,42,12,97,22,137,9,12,9,0,0,0,3,7,9,8,18,Nancefield Industrial
15,0,5,0,0,1,0,4,0,1,4,0,0,0,0,0,0,0,0,Nasrec
41078,629,12285,1203,1600,7385,34,6352,1005,1797,1708,121,67,780,183,641,154,1216,3918,Naturena
938,1,332,3,17,130,1,208,5,17,14,0,1,1,0,1,23,54,130,New Centre
5936,13,1974,10,422,861,36,1161,197,103,72,29,2,84,2,105,57,268,540,New Doornfontein
6922,33,2254,48,278,1238,160,1267,179,146,221,48,10,144,29,150,88,165,464,Newtown
66,0,22,0,2,4,0,18,0,0,0,0,0,0,0,0,0,2,18,North Doornfontein
9007,338,946,61,2109,1622,360,1453,72,43,76,7,8,14,1633,16,56,45,148,Norwood
14297,529,1408,324,3105,2609,545,2321,85,226,52,19,6,13,2562,53,29,151,260,Oakdene
5480,90,641,33,1183,1073,154,891,36,42,53,7,10,7,1114,14,30,24,78,Oaklands
1432,19,161,9,348,247,21,243,2,13,15,5,1,2,297,2,1,12,34,Observatory
1441,15,342,17,148,214,130,292,35,32,14,4,1,8,9,18,21,47,94,Ophirton
22365,360,4286,261,3662,4031,326,3720,430,248,393,81,12,52,2801,79,297,275,1051,Orange Grove
6592,78,861,26,1380,1249,103,1033,113,62,114,5,4,10,1249,18,44,48,195,Orchards
28650,478,6341,833,3422,5199,2049,4624,511,933,851,98,27,342,214,312,100,462,1854,Ormonde
9764,64,3066,126,292,1752,45,1547,325,480,441,56,12,219,5,228,50,209,847,Ormonde View
5594,285,1333,289,391,927,146,963,138,128,263,11,5,103,105,97,27,79,304,Paarlshoop
2666,256,278,105,400,473,389,474,29,7,26,8,4,9,140,4,18,7,39,Pageview
0,0,0,0,0,0,0,0,0,0,0,0,0,0,0,0,0,0,0,Park Central
17390,231,4744,170,1515,3814,643,3122,157,154,173,35,5,78,1292,73,342,128,714,Parktown
2604,35,199,7,613,562,13,368,20,9,14,1,8,4,710,7,9,0,25,Percelia Estate
70,0,32,0,0,4,1,31,0,0,0,0,0,0,2,0,0,0,0,Prolecon
1427,50,164,3,261,345,1,133,20,2,17,10,0,1,310,11,0,25,74,Queenshaven
714,2,71,0,175,132,0,110,9,7,5,1,0,0,171,2,2,5,22,Raedene Estate
475,6,110,1,62,72,0,91,0,11,1,2,1,0,51,0,4,18,45,Randview
1254,18,225,27,266,213,52,221,25,11,30,0,0,2,99,7,5,12,41,Raumarais Park
16237,395,4350,443,1667,2880,152,2822,248,218,148,46,61,60,716,225,219,594,993,Regents Park
6855,74,1264,90,1073,1248,361,1134,153,94,122,23,65,33,632,41,57,85,306,Rembrandt Park
393,8,98,0,44,70,16,66,6,9,16,0,1,0,22,7,0,4,26,Rembrandt Ridge
1109,34,162,54,84,259,70,207,1,8,8,0,0,2,169,0,7,0,44,Reuven
2783,128,337,137,505,521,61,488,11,36,16,5,2,0,414,13,5,39,65,Rewlatch
2679,108,571,35,298,560,32,431,26,31,63,7,5,6,341,11,21,50,83,Richmond
25768,958,3961,1027,4466,4755,2088,3968,227,525,549,34,12,132,1500,110,102,357,997,Ridgeway
2198,152,244,69,382,405,75,357,12,16,13,5,1,8,367,19,11,20,42,Risana
3278,298,306,32,539,570,100,574,20,37,23,9,1,8,699,18,3,10,31,Risipark AH
48262,6114,4794,10917,5912,8351,269,7874,434,412,545,51,71,419,33,302,166,353,1245,Riverlea
3312,41,414,28,704,655,282,500,34,30,47,2,1,6,400,12,31,50,75,Riviera
19523,756,1162,433,4750,3477,3407,3250,69,166,118,2,15,30,1547,32,50,46,213,Robertsham
4790,291,614,239,864,898,118,810,20,42,36,1,2,4,640,7,10,46,148,Roseacre
47629,1139,13365,1208,4238,8582,338,8737,432,611,261,172,72,147,2117,397,897,1765,3151,Rosettenville
2248,93,599,33,106,308,22,450,77,63,35,13,0,57,104,65,18,106,99,Rosherville
4169,117,1187,118,245,911,59,628,104,93,135,38,3,36,141,25,23,71,235,Rossmore
3989,18,756,32,647,736,25,630,82,25,65,6,1,22,541,12,77,62,252,Rouxville
6962,149,601,59,1433,1432,50,1125,56,33,40,10,6,1,1810,1,31,32,93,Sandringham
4556,78,733,58,940,831,62,701,118,24,59,14,4,20,671,13,34,51,145,Savoy Estate
10,0,0,0,4,1,1,3,0,0,0,0,0,0,1,0,0,0,0,Sebenza
8566,35,3218,50,223,1098,15,2225,80,113,58,47,7,13,30,102,174,267,811,Selby
1691,26,130,16,483,305,22,264,2,9,4,0,0,0,394,3,5,5,23,Silvamonte
23190,398,7420,342,230,3529,19,4280,270,1723,915,94,28,185,6,1312,116,797,1526,Slovo Park
1831,87,207,59,354,320,139,327,21,26,23,1,0,1,180,17,8,18,43,Southdale
0,0,0,0,0,0,0,0,0,0,0,0,0,0,0,0,0,0,0,Southgate
25379,2699,4446,1051,2145,4358,259,4357,164,422,239,65,30,60,2913,197,192,620,1162,South Hills
2864,56,318,80,627,530,147,476,13,40,17,1,5,2,435,14,15,11,77,South Kensington
93,0,26,0,5,4,0,27,1,1,0,2,0,0,5,2,0,1,19,Springfield
12,1,3,0,0,2,0,2,0,2,1,0,0,0,1,0,0,0,0,Steeledale
10490,484,1183,418,2025,1918,611,1638,67,183,131,13,14,28,1253,48,28,91,357,Suideroord
3006,38,166,11,795,524,19,488,27,10,40,0,0,0,813,3,13,14,45,Sunningdale Ridge
9883,148,987,44,2322,1774,50,1594,178,41,89,9,7,13,2220,31,70,73,233,Sydenham
1199,12,148,12,234,251,12,189,6,4,14,0,3,1,267,1,6,13,26,Talboton
3478,59,266,27,826,712,61,550,16,12,21,10,0,5,837,15,5,9,47,The Gardens
11868,462,1216,354,2491,2086,193,2007,67,118,50,15,12,10,2281,42,44,158,262,The Hill
0,0,0,0,0,0,0,0,0,0,0,0,0,0,0,0,0,0,0,Theta
4882,227,244,35,1201,905,35,764,15,14,15,4,2,0,1334,5,7,53,22,Thornhill Estate
2128,112,388,81,280,386,35,365,27,39,30,6,2,5,216,9,4,31,112,Towerby
3192,162,567,138,533,544,10,552,24,28,13,20,7,0,380,11,27,61,115,Townsview
15804,2378,1441,1385,1704,2765,275,2606,113,119,249,28,26,25,2226,47,91,83,243,Triomf
11499,141,3703,172,562,2025,93,2129,209,222,135,68,7,69,131,162,188,293,1190,Troyeville
5111,457,686,118,782,872,92,865,23,60,32,1,9,14,833,19,22,54,172,Tulisa Park
5376,257,1394,116,412,872,32,990,68,97,47,0,5,26,294,56,108,232,370,Turf Club
45377,1099,13094,903,2780,7719,325,8169,397,1005,471,246,51,208,1390,464,1165,2386,3505,Turffontein
776,4,348,17,0,212,2,174,3,0,0,0,0,0,16,0,0,0,0,Uitsaaisentrum
3855,427,759,143,188,648,34,671,31,86,46,4,2,61,381,34,18,74,248,Unigray
3833,35,952,45,376,651,126,637,321,58,96,2,5,71,165,79,36,60,118,Victoria
281,1,19,0,68,57,0,40,4,2,3,1,0,1,78,0,0,0,7,Viewcrest
158,4,51,1,5,23,0,30,8,14,2,0,0,0,1,5,0,2,12,Village Main Reef Gold Mine
7706,441,1909,235,502,1357,223,1385,116,123,342,40,11,55,346,77,49,146,349,Vrededorp
7182,135,754,18,1794,1368,42,1051,79,23,90,3,2,23,1584,9,30,45,132,Waverley
39961,7583,1339,11804,4883,6896,115,6565,48,116,175,1,21,20,23,31,120,53,168,Westbury
22649,1706,3626,527,3170,4026,437,3790,301,263,524,80,21,62,3032,103,148,266,567,Westdene
0,0,0,0,0,0,0,0,0,0,0,0,0,0,0,0,0,0,0,Westfield
25222,2571,4228,2614,2281,4274,323,4424,237,318,250,66,17,89,1447,187,301,529,1066,West Turffontein
26903,698,4361,862,5004,4789,2265,4418,258,534,483,41,47,150,1470,157,107,321,938,Winchester Hills
3012,79,299,33,690,563,71,467,24,14,36,6,1,1,594,9,18,31,76,Winston Ridge
4931,27,1643,1,28,738,0,911,13,8,45,24,3,11,2,12,28,29,1408,Wolhuter
53116,139,18218,200,3915,9110,91,9774,708,459,504,170,70,165,298,297,2788,837,5373,Yeoville
20576,121,6797,110,77,3402,6,3657,1851,370,185,123,7,279,3,761,669,561,1597,Kaalfontein Ext 1
2299,7,749,5,14,399,0,396,212,80,51,15,2,43,0,71,51,27,177,Kaalfontein Ext 10
2383,21,798,15,25,389,1,425,187,82,125,1,10,39,0,50,40,46,129,Kaalfontein Ext 11
2408,12,772,15,47,423,0,412,164,67,102,13,0,33,1,59,45,57,186,Kaalfontein Ext 12
2074,9,691,6,18,383,0,317,194,56,112,6,0,13,1,53,24,29,162,Kaalfontein Ext 13 & 14
1156,8,382,2,26,199,4,189,99,17,40,9,3,29,0,19,10,21,99,Kaalfontein Ext 15
2273,1,762,0,43,391,0,376,194,55,105,15,3,42,0,51,42,29,164,Kaalfontein Ext 16
2707,7,911,5,10,452,0,465,285,72,97,9,2,29,0,38,43,43,239,Kaalfontein Ext 17
2255,11,748,6,60,394,6,371,179,74,45,13,1,34,1,40,18,53,201,Kaalfontein Ext 18
13499,65,4444,53,63,2185,8,2449,1473,221,167,61,6,113,0,465,354,376,996,Kaalfontein Ext 2
15883,22,5291,15,40,2481,0,2843,2157,221,84,137,6,141,5,1081,105,519,735,Kaalfontein Ext 22
5989,11,2002,8,19,917,4,1103,695,132,48,55,7,31,1,307,52,207,390,Kaalfontein Ext 23
21527,68,7243,41,130,3481,6,3886,2143,420,236,135,9,289,6,820,487,539,1588,Kaalfontein Ext 4
19494,21,6540,14,112,3291,10,3484,1918,440,294,120,13,207,1,490,380,672,1487,Kaalfontein Ext 5
18414,45,6191,42,93,2991,6,3271,2155,274,241,80,6,161,3,439,304,599,1513,"Kaalfontein Ext 6, 7 & 8"
2137,1,720,3,9,353,0,371,193,85,96,6,1,44,1,61,31,27,135,Kaalfontein Ext 9
0,0,0,0,0,0,0,0,0,0,0,0,0,0,0,0,0,0,0,Kaalfontein SP
15406,37,5088,41,67,2496,1,2685,221,470,1752,46,153,305,6,460,90,570,918,Leratong Village
55358,133,18376,64,208,9118,13,9529,747,3814,488,212,136,332,6,1046,266,4297,6573,Kanana Park SP
6927,61,2276,56,62,1144,6,1215,61,425,67,25,13,34,13,130,22,412,905,Sweetwaters
22829,95,7571,40,92,4067,2,3602,75,4070,213,12,86,23,18,159,48,606,2050,Lakeside Ext 1
35149,114,11695,13,116,6138,10,5621,232,5544,330,48,151,101,17,270,87,1000,3662,Lakeside Ext 2
5582,6,1858,0,24,987,0,873,31,800,66,8,6,2,3,33,14,144,727,Lakeside Ext 3
6624,37,2145,6,42,1132,14,1082,45,969,67,0,17,11,43,71,6,172,765,Lakeside Ext 5
81,2,15,2,10,8,0,20,4,2,2,0,0,0,10,2,3,0,1,Lanseria SP
14136,70,4700,41,325,2132,3,2628,923,302,759,75,11,408,3,483,240,299,734,Lionpark
23288,570,6927,822,714,4010,17,3773,368,1524,707,78,34,167,7,366,89,577,2538,Lawley Ext 1
75705,758,24637,533,1103,12217,36,13136,1231,5325,1084,331,225,1166,91,4162,297,2369,7004,Lawley Ext 2
40034,181,13213,83,289,6745,67,6635,534,1831,793,142,111,464,0,1618,117,1462,5749,Lehae SP
16360,63,5409,15,173,2505,17,2988,369,909,620,56,34,381,42,540,46,1441,752,Anchorville
40416,574,904,198,11457,7346,12611,6617,34,146,195,21,42,18,19,44,88,48,54,Lenasia Ext 1
16029,185,1384,343,4051,2720,3608,2714,39,168,95,15,7,19,35,71,36,118,421,Lenasia Ext 10
16866,341,1302,185,4062,2884,4133,2791,62,148,158,15,35,31,16,152,61,148,342,Lenasia Ext 11
28134,788,4071,662,4927,4905,4672,4679,151,641,557,27,67,91,27,177,95,284,1313,Lenasia Ext 13
19557,375,759,242,5472,3368,5561,3288,5,55,147,22,8,4,10,25,41,46,129,Lenasia Ext 2
14389,153,257,67,4297,2571,4540,2381,3,27,29,0,3,2,4,2,30,16,7,Lenasia Ext 3
20918,346,500,145,6096,3653,6360,3416,15,73,120,2,81,7,15,9,32,18,30,Lenasia Ext 5
6573,170,222,78,1836,1150,1874,1069,7,23,68,0,2,1,5,0,18,9,41,Lenasia Ext 6
5054,65,123,27,1521,901,1537,807,5,24,28,0,0,0,0,0,11,2,3,Lenasia Ext 7
5952,105,89,51,1791,1023,1843,975,0,8,19,3,4,6,5,2,14,7,7,Lenasia Ext 8
11360,236,288,158,3257,1965,3364,1892,14,36,41,4,19,5,13,1,37,12,18,Lenasia Ext 9
62229,217,20919,118,551,9967,34,11141,797,3501,5280,208,100,397,1,1676,287,2279,4756,Thembalihle
20582,68,6898,13,361,3313,22,3631,196,1353,1084,99,34,238,1,583,77,1374,1237,Hospital Hill
19399,291,877,144,5449,3371,5411,3145,38,170,83,0,8,24,10,40,30,73,235,Lenasia South Ext 1
7826,76,426,50,2110,1381,2155,1268,10,33,62,10,52,6,4,23,18,41,101,Lenasia South Ext 2
39162,694,6352,884,6671,6688,5799,6503,304,1138,567,31,49,220,23,292,100,463,2384,Lenasia South Ext 4
5728,37,1807,64,148,982,47,949,83,317,239,24,16,80,0,74,8,201,652,Lenasia South Ext 7
16338,157,648,146,4723,2817,4646,2717,42,108,91,1,6,10,16,21,49,35,105,Lenasia South SP
1018,54,152,82,140,160,105,185,9,44,7,0,0,0,1,10,5,21,43,Unaville AH
0,0,0,0,0,0,0,0,0,0,0,0,0,0,0,0,0,0,0,Lucky 7 SP
6779,23,2251,13,61,1106,5,1215,556,148,312,21,10,279,0,166,224,105,284,Malatjie SP
64518,65,21678,27,430,10116,36,12063,5346,1069,664,322,76,706,8,2206,2009,3493,4204,Mayibuye SP
1517,39,359,28,249,236,17,276,10,32,19,6,4,8,96,20,10,39,69,Austin View AH
4580,184,404,52,1074,780,330,779,16,24,27,6,0,12,726,11,26,40,89,Barbeque AH
81,1,5,0,22,13,0,14,0,0,1,0,0,0,22,0,0,0,3,Barbeque Downs
14451,514,2452,71,2415,2495,614,2411,219,228,289,33,9,91,1740,87,139,183,461,Blue Hills AH
74,0,25,0,0,8,0,17,2,0,1,0,0,3,0,5,0,3,10,Bothasfontein
791,15,155,0,120,116,4,159,17,5,5,7,0,11,116,7,15,2,37,Bridle Park AH
3096,108,377,9,614,553,104,510,26,20,36,1,0,7,549,17,28,30,107,Carlswald AH
16082,281,3487,204,2196,2917,1197,2635,283,346,378,70,6,161,605,117,78,481,640,Carlswald North
6,0,2,0,0,0,0,2,0,0,1,0,0,0,0,0,0,1,0,Commercia
9836,127,2578,100,1116,1741,500,1572,357,231,398,16,4,152,109,106,38,206,485,Country View
4692,113,968,78,608,851,292,738,128,60,136,29,0,48,233,55,38,122,195,Crescent Wood Country Estate
1850,66,376,2,214,285,12,368,43,23,12,5,0,9,261,34,58,13,69,Crowthorne AH
13775,115,3631,132,1343,2477,725,2251,353,318,465,97,14,159,195,175,89,559,677,Erand AH
4520,151,1204,85,391,944,90,855,77,53,35,19,1,13,403,39,21,28,111,Glen Austin AH SP1
8213,447,1211,78,1373,1340,88,1508,88,101,75,30,12,18,1448,57,68,88,183,Glen Austin AH SP2
3335,79,480,10,609,530,16,606,14,25,29,9,9,6,622,33,82,12,164,Glenferness AH
4042,24,1296,32,450,732,45,670,119,87,111,31,7,45,9,56,13,100,215,Grand Central
0,0,0,0,0,0,0,0,0,0,0,0,0,0,0,0,0,0,0,Grand Central Airport
30943,643,4925,437,6361,5542,3115,4958,291,506,357,63,11,160,1920,173,106,484,891,Halfway Gardens
1409,9,417,36,105,265,26,276,35,23,32,13,3,6,55,21,10,26,51,Halfway House
766,21,161,2,106,121,0,135,20,5,10,2,0,2,93,6,4,12,66,Knopjeslaagte AH
9570,262,1306,19,1880,1553,32,1746,111,77,65,11,5,44,1901,41,115,52,350,Kyalami AH
12288,259,1112,65,2943,2274,348,1922,82,138,133,20,1,30,2572,59,33,117,180,Kyalami Estate
2740,80,395,22,566,483,260,444,24,29,44,5,1,15,249,14,8,21,80,Kyalami Gardens
10208,290,1724,112,2012,1813,874,1628,111,108,193,54,3,64,710,40,44,149,279,Kyalami Hills
0,0,0,0,0,0,0,0,0,0,0,0,0,0,0,0,0,0,0,Kyalami Park
1137,13,256,14,192,195,101,189,26,13,17,2,0,11,8,8,19,26,47,Midridge Park
33926,547,7221,502,5200,6052,2323,5462,721,733,780,109,28,267,1404,291,143,771,1372,Noordwyk
976,35,58,10,246,179,65,148,6,6,1,0,4,2,193,1,2,9,11,Plooysville AH
9758,318,2079,154,1234,1615,194,1828,189,168,123,21,0,49,966,84,96,184,456,President Park AH
4506,268,680,18,689,647,30,875,38,61,50,12,2,6,795,69,41,143,82,Randjesfontein AH
0,0,0,0,0,0,0,0,0,0,0,0,0,0,0,0,0,0,0,Randjespark
1111,28,129,15,267,194,0,185,3,9,6,2,0,3,231,5,2,9,23,Saddlebrook Estate
2549,33,688,14,304,485,100,372,91,76,130,7,0,38,34,21,3,56,97,Savannah Hills
1551,44,74,4,429,284,12,243,0,4,6,0,1,4,429,0,3,6,8,Tinswalo Country and Equestrian Estate
290,17,41,0,40,48,0,50,6,1,4,0,0,0,57,3,6,2,15,Treesbank AH
36292,672,6648,526,6798,6386,3112,6060,484,441,618,88,23,239,2026,202,205,612,1152,Vorna Valley
1704,15,474,28,178,244,118,434,44,26,11,6,1,11,43,17,5,28,21,Waterval City
1961,62,204,16,484,357,88,301,14,14,15,0,0,3,348,3,6,15,31,Willaway AH
502,14,92,2,66,69,0,103,20,0,2,4,1,21,77,2,6,4,19,Millgate Farm AH
66533,131,22196,55,205,11441,15,10885,376,7341,591,97,281,220,10,616,275,2492,9306,Orange Farm Ext 1
43243,70,14436,36,169,7421,9,7094,216,2327,581,104,103,183,7,505,221,1242,8519,Orange Farm Ext 2
11509,22,3873,14,31,1915,4,1992,93,1142,126,37,26,36,6,266,80,441,1405,Orange Farm Ext 3
777,2,257,0,7,125,0,134,7,131,4,2,5,5,1,6,12,31,48,Orange Farm Ext 4
20758,52,6891,24,75,3516,3,3457,149,2311,234,59,62,178,5,276,160,578,2728,Orange Farm Ext 6
51419,136,17169,42,211,8676,27,8591,301,5558,494,87,144,148,14,840,324,1480,7177,Orange Farm Ext 7
24595,54,8156,47,63,4160,1,4065,188,2595,266,28,84,175,6,385,78,671,3573,Orange Farm Ext 8
9854,22,3279,8,97,1670,0,1625,110,862,87,11,38,97,4,228,51,339,1326,Orange Farm Ext 9
33304,84,11052,54,180,5701,13,5453,200,4232,645,132,139,39,10,1011,56,2090,2213,Poortjie SP
24,0,11,0,0,3,0,8,0,0,0,0,0,0,0,2,0,0,0,Rabie Ridge Ext 1
18990,731,5634,698,242,3244,16,3137,1872,494,478,76,30,210,3,254,229,413,1229,Rabie Ridge Ext 2
83599,189,27844,96,368,12511,32,15602,10461,1373,1055,493,108,1194,18,3559,1288,2887,4521,Rabie Ridge Ext 4
19858,2755,3738,2838,472,3460,42,3239,870,339,359,74,22,118,26,198,236,162,910,Rabie Ridge SP
2445,279,305,31,245,476,66,466,26,25,39,0,0,5,383,13,24,6,56,Albertskroon
12545,1073,2306,577,1193,2439,238,2211,175,101,133,8,6,56,1507,87,58,114,263,Albertville
1446,119,96,13,280,320,3,171,18,7,8,2,0,1,379,4,10,9,6,Aldara Park
4457,216,461,78,998,797,243,718,22,33,25,2,0,6,722,10,26,35,65,Bellairs Park
6686,400,405,97,1574,1210,74,1038,22,36,32,7,1,9,1643,21,14,44,59,Berario
7838,1106,366,258,1221,1415,226,1238,13,35,79,0,1,3,1754,15,22,29,57,Bergbron
1917,69,200,13,437,339,23,306,23,12,21,0,0,0,408,0,9,17,40,Beverley Gardens
6912,378,1017,98,1097,1307,244,1100,66,71,125,24,6,25,1000,34,31,95,194,Blackheath
35264,1129,2956,373,8421,6329,1094,5720,219,154,342,25,16,106,7422,71,200,176,511,Blairgowrie
30824,323,9349,193,1722,4573,275,6306,1159,489,482,188,87,643,997,1218,759,406,1655,Bloubosrand
11039,220,1338,144,2475,2067,335,1723,124,84,103,28,7,59,1911,40,62,70,249,Bordeaux
14829,1046,780,122,3351,2708,363,2324,45,78,79,13,2,10,3672,18,47,59,112,Boskruin
17958,1141,1163,4462,3966,3300,348,3001,22,59,125,10,54,20,44,21,47,51,124,Bosmont
18633,1066,1580,217,4137,3424,811,2877,108,113,140,19,2,61,3639,33,71,140,195,Bromhof
418,22,24,1,100,73,0,68,2,0,1,0,0,0,115,0,2,2,8,Bryanbrink
5178,145,246,29,1404,929,103,841,13,27,13,1,1,12,1349,0,8,19,38,Cedar Lakes
27437,4349,3592,2914,1569,4614,48,4569,207,349,1262,27,42,334,2598,115,123,255,470,Claremont
31423,542,9933,550,229,5220,3,5282,954,1042,1022,112,36,503,5,633,126,2185,3046,Consolidated Main Reef Gold Mine
7782,201,790,48,1865,1443,67,1196,80,49,58,1,0,19,1681,16,57,64,147,Craighall
16307,380,1514,95,3944,3066,273,2558,117,91,143,8,7,52,3599,24,95,91,250,Craighall Park
4802,423,430,52,919,847,141,773,22,24,36,4,12,9,986,8,28,16,72,Cresta
302,25,15,0,62,53,1,48,0,1,2,0,0,0,85,0,5,0,5,Daniel Brink Park
2377,214,206,37,442,437,64,364,22,15,22,1,0,7,487,2,16,7,34,Darrenwood
6261,753,912,311,482,1048,66,1074,45,65,253,29,1,30,829,28,62,119,154,Delarey
4282,164,422,26,944,795,42,678,41,38,39,0,0,6,948,15,24,21,79,Dunkeld
951,103,52,29,175,159,30,165,0,0,8,0,11,0,207,6,0,1,5,East Town
14935,514,1334,130,3374,2719,1403,2397,90,127,172,12,0,36,2095,52,93,113,274,Emmarentia
26884,2518,2012,311,5030,5013,574,4114,126,170,238,25,11,58,6112,61,70,141,300,Fairland
55320,2194,10020,790,9079,10024,2856,9349,599,622,973,149,29,254,5461,212,495,625,1589,Ferndale
5250,163,370,1293,1347,942,84,814,2,56,61,0,3,6,6,7,18,18,60,Fleurhof
8301,822,917,58,1275,1414,138,1412,79,62,84,14,0,25,1692,12,93,40,164,Fontainebleau
10237,616,719,163,2270,1893,497,1574,48,48,110,8,6,15,2031,14,39,59,127,Franklin Roosevelt Park
14341,622,1074,136,3367,2603,836,2286,102,103,110,8,18,28,2671,33,74,83,187,Greenside
1530,95,90,9,352,312,45,207,3,13,18,0,0,5,365,1,2,1,12,Greenside East
6444,777,561,136,933,1132,73,1048,55,46,103,10,1,7,1391,14,26,38,93,Greymont
1513,50,317,22,281,271,87,249,22,19,18,5,1,13,89,0,15,18,36,Hoogland
1009,19,317,0,11,138,0,206,82,24,27,0,0,29,27,35,33,20,41,Hunters Hill A. H. SP
444,20,89,1,50,57,0,96,9,19,5,1,0,6,62,5,8,1,15,Inadan AH
30,0,9,0,2,4,0,6,0,0,3,1,0,2,1,0,0,1,1,Industria North
728,97,46,0,106,130,16,114,7,0,12,0,0,0,183,0,6,3,8,Jacanlee
6918,320,626,50,1500,1256,118,1098,38,87,66,6,7,29,1529,30,20,39,99,Johannesburg North
16141,562,976,99,4105,2920,200,2533,70,84,93,7,4,37,4095,11,70,75,200,Jukskei Park
3049,280,152,11,596,596,41,463,8,18,14,0,0,2,836,7,7,6,12,Kelland
5510,193,773,64,1070,980,164,911,80,49,92,6,6,14,861,13,43,54,137,Kensington B
9650,31,3250,4,77,1079,6,2226,751,212,172,41,27,348,46,397,224,299,460,Kya Sand SP
57,2,19,1,0,2,0,18,0,4,0,1,0,2,0,5,0,1,2,Lea Glen
25336,2582,1880,213,4243,4514,680,4114,157,176,306,25,26,39,5752,40,128,147,314,Linden
10476,812,945,84,2000,1844,421,1711,101,84,63,9,11,11,2066,128,26,70,90,Malanshof
8934,689,1217,1061,1320,1531,190,1521,29,121,228,9,13,13,500,20,98,148,226,Maraisburg
12516,450,1090,104,2989,2288,391,1982,56,73,94,23,19,14,2600,29,37,133,144,Maroeladal
2853,400,380,213,192,464,6,499,31,28,163,0,2,10,358,15,18,21,53,Montclare
6016,383,421,116,1328,1097,357,958,17,28,47,3,7,12,1098,9,23,39,73,Montgomery Park
800,33,69,14,191,144,74,127,1,1,2,0,0,0,114,0,12,3,15,Montroux
2028,335,152,9,211,362,11,327,8,21,22,4,0,4,501,3,26,5,27,Moret
300,1,65,0,36,41,9,64,5,4,0,0,0,6,31,13,3,5,17,Needwood
19173,2271,1098,4986,3467,3395,177,3124,41,75,213,13,22,14,9,45,40,62,121,Newclare
33159,4150,4447,3629,3143,5558,182,5737,270,472,1138,50,26,125,2794,83,281,231,843,Newlands
18855,815,2263,219,4039,3462,827,2967,111,167,213,40,9,76,2984,48,75,229,311,Noordhang
43191,3697,3349,719,8015,7814,1099,6849,245,343,428,60,21,95,9316,114,168,262,597,Northcliff
11282,270,2437,115,2026,2029,485,1816,71,176,221,24,10,45,782,74,63,295,343,Northgate
22247,1217,2042,220,4989,4012,883,3509,56,186,196,22,7,43,4306,34,50,200,275,North Riding
18196,908,1752,152,4066,3403,611,2771,112,120,154,15,6,61,3596,47,44,141,237,Northworld
1293,71,78,22,321,212,16,219,10,2,9,0,1,3,316,0,4,0,9,Northworld AH
11173,542,770,83,2674,1968,315,1809,34,42,120,9,0,12,2566,15,43,51,120,Olivedale
14253,488,991,79,3433,2583,119,2268,87,101,97,14,1,7,3578,37,76,101,193,Parkhurst
11352,357,1005,48,2677,2044,96,1813,99,66,110,14,7,24,2647,18,54,69,204,Parktown North
11342,428,945,76,2652,2100,224,1769,100,73,124,9,7,23,2474,22,62,76,178,Parkview
7548,216,745,61,1713,1395,141,1166,85,44,77,7,7,10,1582,25,69,36,169,Parkwood
2037,78,313,8,393,376,56,327,26,22,39,2,0,8,320,2,18,9,40,Pierneef Park
1588,41,289,16,265,275,12,266,15,4,24,2,2,7,225,4,31,19,91,Pine Park
4845,507,562,34,686,911,152,791,45,23,67,7,0,13,925,14,20,27,61,President Ridge
5809,632,410,226,1001,1051,144,925,30,46,53,1,2,10,1131,14,20,33,80,Quellerina
5639,100,1751,70,111,657,12,1282,104,245,123,41,2,238,107,197,75,169,355,Rand Lease Gold Mine
3966,290,212,67,903,725,79,607,7,23,15,1,1,2,974,8,3,8,41,Randpark
53388,2624,4287,575,12159,9507,1366,8526,259,315,412,46,37,148,11559,175,290,324,779,Randpark Ridge
1848,170,153,19,322,338,55,290,17,16,13,1,4,2,392,5,9,15,27,Risidale
12317,27,4269,20,150,1659,12,2705,527,250,100,40,2,488,63,404,853,138,610,Riverbend AH
195,0,62,18,0,13,2,73,2,1,2,0,0,1,4,6,3,0,8,Robertville
952,141,63,7,127,176,17,149,1,3,9,0,0,4,238,6,2,3,6,Robin Acres
11689,1328,915,131,1936,2123,304,1850,83,59,121,15,1,27,2522,26,32,81,135,Robindale
3699,481,325,21,523,687,19,557,22,23,57,8,1,2,869,10,29,22,43,Robin Hills
3112,76,528,51,575,605,71,479,43,9,51,9,2,9,397,7,39,39,122,Rosebank
2314,337,192,13,284,440,57,347,14,24,35,0,3,5,522,1,5,9,26,Ruiterhof
7515,282,700,72,1736,1381,243,1175,67,40,90,3,1,14,1488,8,64,32,119,Saxonwold
8865,357,955,85,1865,1593,295,1415,59,96,107,13,2,26,1658,11,40,111,177,Sharonlea
6761,375,677,62,1305,1389,265,942,25,75,80,7,19,11,1301,27,36,54,111,Sonneglans
518,0,254,5,0,161,0,98,0,0,0,0,0,0,0,0,0,0,0,Stormill
1196,58,63,7,273,221,56,187,4,7,14,1,0,5,278,0,1,5,16,Strijdompark
21634,1322,1825,190,4839,3980,614,3328,80,142,165,9,2,31,4601,27,64,151,264,Sundowner
1632,50,341,20,332,263,95,286,12,16,21,1,0,6,87,6,5,39,52,Sundowner Ext
929,63,52,1,203,163,6,154,8,8,9,0,0,1,251,1,0,1,8,Valeriedene
1166,21,119,5,278,200,10,194,5,28,7,1,0,8,251,2,5,5,27,Vandia Grove
7125,180,694,24,1640,1345,299,1057,74,47,119,8,0,30,1356,20,43,48,141,Victory Park
1589,160,116,20,259,320,35,231,1,8,10,2,1,3,373,4,8,15,23,Waterval Estate
4804,193,763,60,730,915,125,874,28,22,56,6,0,15,818,18,43,35,103,Westcliff
2963,550,130,166,330,518,60,485,1,7,23,2,3,4,607,0,32,16,29,Whiteridge
0,0,0,0,0,0,0,0,0,0,0,0,0,0,0,0,0,0,0,Wibsey Dip
23165,480,6314,323,2926,4126,454,4037,315,201,524,98,33,113,1000,129,587,248,1257,Windsor East
3949,326,314,48,722,716,77,631,29,32,37,10,0,3,889,4,24,15,72,Windsor Glen
16394,464,4043,308,2147,2996,588,2757,225,159,308,66,14,90,785,93,287,229,835,Windsor West
0,0,0,0,0,0,0,0,0,0,0,0,0,0,0,0,0,0,0,Randfontein Estate Gold Mine
582,56,84,0,67,81,0,115,12,16,4,0,0,13,112,0,6,2,14,Rietfontein AH
2701,208,507,40,356,477,58,450,37,44,69,2,3,1,306,19,11,35,78,Aanwins AH
18919,1953,1469,506,3345,3376,466,2996,112,170,165,16,23,40,3832,32,36,146,236,Allen's Nek
886,27,218,0,72,117,3,183,11,10,23,9,0,1,78,7,37,10,80,Alsef AH
370,13,93,0,29,53,0,71,12,19,12,1,0,9,31,5,5,6,11,Ambot AH
5587,634,637,48,829,1011,64,870,13,76,113,12,1,19,1109,26,14,52,59,Amorosa
1173,159,53,98,196,208,32,190,6,3,6,1,0,7,208,1,2,2,1,Carenvale
14648,1750,978,477,2401,2539,312,2401,58,95,148,11,2,45,3111,52,21,88,159,Constantia Kloof
129615,517,43070,382,3257,22002,226,22292,5875,2950,5102,703,135,3664,190,2077,2958,4400,9815,Cosmo City
2316,72,679,64,104,397,12,412,30,62,140,15,3,23,55,22,49,26,151,Creswell Park
15919,3302,1280,4008,885,2729,25,2614,80,98,488,12,15,52,14,43,40,68,166,Davidsonville
23994,3144,1429,1776,3769,4267,383,3843,85,159,303,16,23,36,4385,23,54,93,206,Discovery
2111,7,724,0,38,323,4,421,9,38,96,8,3,9,3,25,146,33,224,Durban Roodepoort Deep Gold Mine
7674,583,335,80,1690,1373,148,1221,24,39,34,3,1,14,1990,13,20,24,82,Eagle Canyon
1328,157,88,29,207,247,30,201,3,12,15,6,0,13,291,1,7,9,12,Floracliffe
59036,4709,7218,5945,9601,10483,1914,9599,304,517,1037,99,19,295,4639,168,424,423,1642,Florida
10000,1242,526,483,1624,1862,357,1537,18,82,91,7,10,21,1990,17,18,35,80,Florida Glen
5673,889,320,245,757,991,66,935,13,32,86,0,2,22,1246,8,8,23,30,Florida Hills
8429,577,533,1491,1794,1452,178,1368,29,31,106,1,1,28,615,14,28,59,124,Florida Lake
3661,563,270,154,482,635,64,610,21,29,28,1,0,12,720,10,6,14,42,Florida North
13710,1733,872,706,2164,2412,305,2235,50,101,180,15,6,41,2671,48,42,30,99,Florida Park
308,39,20,22,46,62,1,41,7,1,5,2,0,0,61,0,0,0,1,Florida View
7334,821,822,670,986,1280,73,1186,27,113,117,7,1,24,899,26,35,52,195,Georginia
20157,1778,4614,250,767,3386,82,3388,320,650,1120,68,17,352,1801,343,86,488,647,Groblerpark
5852,440,483,800,1104,1001,161,962,14,44,121,9,1,22,513,8,19,36,114,Hamberg
2364,375,161,43,297,403,52,389,7,9,51,2,1,12,533,4,3,8,14,Harison Park
8201,899,803,410,1206,1465,199,1298,41,97,153,5,1,27,1336,30,26,61,144,Harison View
6093,625,509,50,1045,1066,99,981,24,60,37,11,0,23,1374,18,14,63,94,Harveston AH
27368,4726,1565,376,3120,4856,522,4379,73,178,370,10,21,56,6632,65,61,111,247,Helderkruin
7026,725,507,77,1283,1258,214,1104,20,42,41,7,4,39,1551,28,13,34,79,Honeydew Ridge
2691,350,222,110,396,465,77,446,6,12,28,6,0,14,491,3,7,15,43,Honey Hill
16449,2665,991,623,2130,2923,225,2603,29,105,229,7,8,33,3612,23,31,79,133,Horison
5151,271,719,82,798,805,292,969,59,47,93,10,3,98,643,24,19,69,150,Jackal Creek Golf Estate
4136,208,895,82,614,723,158,693,51,77,96,10,5,26,265,14,40,54,125,Kimbult AH
4743,754,269,64,605,866,45,726,13,40,55,0,0,20,1203,1,6,28,48,Kloofendal
786,4,289,5,25,161,2,190,19,7,10,2,0,14,26,5,5,2,20,Laser Park
13173,1476,2404,442,810,2273,118,2153,144,211,696,29,7,96,1445,54,30,151,634,Lindhaven
15826,1752,1665,211,2289,2777,260,2579,65,169,183,40,2,175,3178,62,56,135,228,Little Falls
926,107,147,28,99,155,15,166,1,2,17,7,0,10,117,2,4,8,41,Manufacta
43287,75,14624,84,284,6491,13,8415,558,1145,3643,159,46,1465,24,1690,535,2736,1300,Matholesville
596,6,196,2,22,88,0,123,47,12,14,1,1,15,13,2,12,8,34,Mostyn Park AH
5765,357,778,51,961,1026,62,948,46,55,73,22,2,48,1053,27,79,37,140,North Riding AH
3928,541,165,168,649,731,44,591,4,23,40,1,0,0,919,0,5,7,40,Ontdekkers Park
2713,357,249,15,326,464,21,460,27,27,50,0,1,14,638,12,11,22,19,Poortview AH
18491,157,6108,74,284,2823,5,3391,338,490,3126,48,29,273,16,179,202,508,440,Princess
5826,309,1556,102,206,952,49,1036,85,143,512,37,7,68,278,55,62,118,251,Princess AH
19768,1724,1568,219,3690,3598,585,3153,107,128,179,27,6,59,4303,40,58,95,229,Radiokop
1396,229,192,30,66,239,1,227,22,42,14,0,7,3,243,7,1,34,39,Reefhaven
19231,3457,1117,160,2176,3399,99,3058,35,117,232,5,13,16,5029,36,27,115,140,Roodekrans
416,6,139,0,3,54,0,89,8,10,15,7,1,15,4,31,10,10,14,Roodekrans AH
14247,741,3445,470,1002,2548,420,2356,121,317,852,33,14,139,546,110,99,301,733,Roodepoort SP
10519,1098,1727,386,893,1842,123,1719,62,198,552,7,15,73,1276,25,81,105,337,Roodeport North
6890,602,1320,321,599,1193,109,1131,72,154,293,9,8,86,547,28,18,111,289,Roodeport West
4706,508,556,47,618,821,22,770,45,71,110,2,0,29,962,8,18,43,76,Ruimsig
11007,641,2439,140,1380,1929,174,1899,133,138,243,22,6,58,1060,73,141,163,368,Ruimsig AH
2319,393,132,129,287,388,49,388,3,12,22,0,0,3,466,0,5,15,27,Selwyn
4308,175,1078,64,428,668,34,819,74,70,128,17,2,58,292,17,107,67,210,Sonnedal AH
15916,1728,1209,272,2627,2856,315,2494,99,111,242,31,13,39,3503,34,54,80,209,Strubensvallei
510,114,30,9,30,88,4,83,1,5,8,0,0,1,128,1,1,0,7,Technikon
1538,182,126,8,237,257,10,261,10,9,11,0,1,1,373,5,7,19,21,Tres Jolie AH
72214,5232,5747,1330,14634,12918,2082,11511,326,523,664,83,46,171,15003,171,259,443,1071,Weltevredenpark
51,2,15,2,0,3,0,14,5,0,0,0,0,4,0,3,0,2,1,Wilfordon AH
35109,3688,3576,550,5446,6208,949,5614,278,361,476,57,16,154,6655,146,79,309,547,Wilgeheuwel
15046,1231,2703,205,1943,2749,186,2543,131,192,347,27,13,64,2137,48,77,182,268,Willowbrook
29832,5379,1717,381,3213,5472,184,4548,73,211,398,29,6,87,7683,52,38,105,256,Wilro Park
45891,8315,5404,611,2314,8001,289,7367,235,770,1207,56,33,196,9014,219,111,360,1389,Witpoortjie
92653,268,31437,164,1066,13453,19,18263,5287,2964,3571,297,92,4185,19,2709,1694,2606,4559,Zandspruit SP
895,32,104,6,173,135,0,172,6,8,9,1,0,7,193,7,9,6,27,Zonnehoewe AH
12192,208,1484,62,2786,2241,279,1912,169,107,164,21,22,17,2253,41,79,107,240,Atholl
688,2,230,1,6,88,0,146,25,1,11,0,1,25,3,128,3,10,8,Barlow Park
11218,408,1067,110,2566,2006,317,1822,80,83,88,24,11,35,2271,23,52,88,167,Beverley
1629,16,206,29,383,306,118,246,6,24,18,1,1,6,197,2,11,9,50,Bramley North
3349,58,599,59,611,601,196,560,64,44,42,13,12,16,285,31,38,21,99,Bramley Park
7597,227,959,76,1683,1348,230,1250,53,87,64,13,0,9,1306,27,50,64,151,Broadacres AH
83868,2502,8743,625,19210,15424,1430,13334,639,549,772,101,26,148,17484,270,431,647,1533,Bryanston
30787,490,5001,509,6447,5546,2793,4919,319,408,372,104,22,128,1955,161,148,552,913,Buccleuch
745,4,113,2,137,136,3,117,12,6,15,2,3,6,135,3,12,4,35,Chislehurston
1680,47,146,13,422,310,23,268,12,3,20,0,0,5,373,0,3,15,20,Country Life Park
31562,1023,2356,282,7942,5908,840,4800,95,179,185,18,12,31,7100,60,122,208,401,Douglasdale
2012,21,148,6,528,359,36,319,17,9,26,5,5,2,486,5,8,8,24,Duxberry
32,0,14,0,1,6,0,8,0,3,0,0,0,0,0,0,0,0,0,Eastgate
12173,266,1395,147,2786,2235,473,2055,110,71,103,12,10,15,2166,28,37,80,184,Edenburg
11320,291,854,67,2788,2054,166,1806,84,53,84,10,2,8,2716,17,72,79,169,Fourways
16806,298,1586,62,4018,3100,354,2694,89,140,167,33,8,12,3665,72,57,137,314,Fourways Gardens
136,0,47,0,2,13,0,34,5,0,0,1,0,17,0,5,7,3,2,Frankenwald
11893,221,1214,82,2777,2277,491,1800,126,86,133,4,3,28,2222,34,75,93,227,Gallo Manor
1377,40,124,13,306,266,13,203,25,6,15,0,0,0,312,2,17,14,21,Glenadrienne SP1
581,14,89,9,113,106,13,91,21,1,8,1,0,0,84,5,0,11,15,Glenadrienne SP2
11382,272,1124,78,2634,2150,213,1778,97,79,92,10,2,25,2453,15,53,89,218,Hurlingham
441,0,30,5,127,98,0,50,6,8,1,0,0,1,113,0,0,0,2,Hurlingham Gardens
10529,176,1456,40,2312,2016,151,1623,117,67,135,15,6,38,1933,44,75,52,273,Hyde Park
13231,248,1639,147,2956,2421,327,2112,129,80,165,25,3,68,2300,66,78,117,350,Illovo
2468,61,334,5,482,433,24,410,45,20,35,3,2,9,472,19,16,11,87,Inanda
9114,107,1527,143,1758,1617,1007,1485,116,145,212,19,8,22,389,52,37,103,367,Kelvin
4806,139,714,61,999,906,160,732,48,66,67,7,5,21,661,15,19,66,120,Kengies AH
1576,36,190,20,325,300,31,245,23,6,25,3,0,2,290,1,16,10,53,Kleve Hill Park
0,0,0,0,0,0,0,0,0,0,0,0,0,0,0,0,0,0,0,Kramerville
6629,244,2056,162,151,883,37,1598,268,149,133,15,8,45,224,101,33,128,394,Leeuwkop Prison
2126,62,457,5,177,341,39,466,40,13,19,1,2,6,229,30,90,42,107,Linbro Park AH
32678,1233,2456,221,8078,6026,622,5118,150,190,215,30,13,26,7614,62,76,182,366,Lone Hill
3751,96,538,29,733,640,64,725,30,25,29,2,4,5,727,5,23,26,50,Lyme Park
14633,481,1116,109,3447,2669,392,2433,64,56,110,11,2,19,3391,36,54,67,176,Magaliessig
30798,209,8268,71,2361,4569,1909,5869,1433,365,571,58,16,680,25,1437,480,738,1739,Marlboro Gardens
402,8,94,3,35,59,1,84,21,14,2,7,0,0,36,1,13,1,23,Modderfontein AH
712,9,64,0,174,121,17,121,5,6,13,1,1,2,161,0,5,4,8,Moodie Hill
44286,871,4500,344,10073,8104,2841,7619,274,275,371,58,14,85,7576,82,213,324,662,Morningside
6104,125,744,57,1434,1107,174,991,78,74,59,0,2,13,1050,11,25,52,108,Morningside Manor
1215,34,152,20,181,264,55,204,14,4,11,0,0,2,239,1,2,10,22,New Brighton
3799,95,356,12,924,666,47,603,33,17,34,6,0,2,854,21,13,7,109,Norscot
810,13,220,10,112,158,29,143,8,14,21,4,0,1,23,2,5,21,26,Palmlands AH
18769,413,1763,136,4463,3418,527,3037,142,116,219,8,12,45,3895,56,81,135,303,Parkmore
28866,1089,2772,306,6519,5180,1513,4685,150,301,246,32,11,62,5122,68,109,288,413,Paulshof
2689,80,310,40,590,486,69,442,28,22,32,8,2,12,480,8,4,32,44,Petervale
6672,293,661,71,1460,1203,256,1106,21,31,60,20,4,11,1255,16,29,65,110,Pine Slopes AH
13740,261,1077,97,3348,2641,276,2112,102,95,132,7,8,14,3186,25,54,109,196,River Club
3733,91,379,20,867,689,161,606,37,51,29,4,2,6,703,2,19,26,41,Rivonia
7036,112,971,48,1430,1248,208,1223,114,52,76,9,2,29,1178,43,61,56,176,Sandhurst
17500,285,2283,190,3583,3367,1142,2987,178,105,182,27,4,46,2529,49,91,168,284,Sandown
502,1,153,24,36,114,9,117,4,2,1,0,0,0,38,0,2,0,1,Simba
1478,41,130,7,378,280,55,220,9,2,7,2,0,2,307,2,10,6,20,Stratford
9655,207,991,71,2284,1808,298,1488,97,72,109,25,6,13,1867,36,51,47,185,Strathavon
32905,1183,2855,381,7828,5951,2318,5309,162,230,225,60,16,36,5514,65,78,293,401,Sunninghill
2324,28,310,22,510,448,87,354,39,17,24,2,2,4,379,8,23,18,49,Sunset Acres
0,0,0,0,0,0,0,0,0,0,0,0,0,0,0,0,0,0,0,The Woodlands
10391,200,1419,131,2360,1916,614,1678,105,80,92,39,4,16,1331,17,73,91,225,Wendywood
415,15,41,0,87,79,9,69,1,4,13,0,0,0,84,2,4,2,5,Wierda Valley
1022,32,86,9,235,189,12,160,4,6,22,0,0,3,234,2,2,16,10,Willowild
23911,794,2643,225,5247,4351,925,3853,164,237,248,16,5,27,4284,77,64,274,477,Witkoppen
12417,323,1195,72,2929,2232,331,1993,115,94,91,7,2,30,2556,26,100,83,238,Woodmead
8043,13,2667,12,125,1141,4,1560,597,123,125,31,13,143,8,365,101,309,706,Wynberg
37924,72,12544,64,163,6479,9,6241,668,1103,3430,110,32,717,8,1248,234,1537,3265,Bram Fischerville
42792,86,14162,63,651,7272,18,7070,689,1311,3473,56,58,888,11,1185,283,1761,3755,Bram Fischerville Ext 1
12984,27,4377,5,99,2025,0,2362,611,268,214,37,22,290,1,356,545,481,1264,Bram Fischerville Ext 10
46898,136,15635,97,212,8204,25,7601,824,2079,1535,103,58,647,30,1116,270,1652,6674,Bram Fischerville Ext 12
7865,21,2619,0,166,1398,0,1228,152,310,543,17,8,102,0,121,59,226,895,Bram Fischerville Ext 2
30132,73,10004,31,219,5163,13,4929,505,956,2559,87,70,623,5,1068,156,1034,2637,Bram Fischerville Ext 3
8959,25,2964,17,30,1526,1,1470,176,335,822,24,9,153,0,298,44,332,733,Bram Fischerville Ext 5
41565,50,13866,40,338,6664,12,7344,1928,991,1765,161,82,1086,9,1312,632,1633,3652,Bram Fischerville Ext 7
26171,54,8702,12,100,4418,6,4333,429,895,1855,60,43,732,10,774,133,879,2736,Bram Fischerville Ext 8
16542,20,5633,10,84,2581,13,3090,935,331,294,36,15,324,5,523,411,554,1683,Bram Fischerville Ext 9
39203,53,13077,12,124,6373,6,6730,192,743,344,67,12,4189,4,5244,44,239,1750,Chiawelo
17211,32,5740,6,248,2794,9,2965,118,227,108,14,15,1831,0,2258,12,91,743,Chiawelo Ext 1
67755,111,22560,24,314,11175,13,11460,322,1260,743,80,46,7335,19,9406,86,372,2429,Chiawelo Ext 2
19721,26,6564,12,74,3528,5,3054,221,1427,659,24,32,329,1,401,33,414,2917,Chiawelo Ext 3
7319,19,2443,5,64,1293,1,1163,94,373,198,14,9,360,6,328,20,150,779,Chiawelo Ext 4 & 5
4456,30,1463,16,23,677,3,822,42,435,34,12,18,60,4,148,18,324,327,Chris Hani
1377,28,422,2,36,308,1,162,29,66,66,12,1,23,40,46,9,37,89,Chris Hani Baragwanath Hospital
50046,108,16646,45,276,8619,12,8120,302,1101,602,129,81,407,16,1013,356,1319,10894,Dhlamini
17689,49,5858,20,384,3154,8,2749,418,1053,1042,31,30,105,6,237,67,340,2138,Diepkloof SP
39428,89,13145,30,218,6653,19,6588,1630,1844,1916,141,29,267,11,1118,288,530,4912,Diepkloof Zone 1
59479,101,19819,28,219,9999,9,9899,991,1888,1207,118,52,2258,17,6830,192,660,5192,Diepkloof Zone 2
29629,59,9868,7,141,5087,19,4810,2698,1615,3026,38,29,175,2,498,152,296,1109,Diepkloof Zone 3
59819,125,19899,56,421,10204,30,9825,3562,3919,5025,117,65,424,19,1138,311,810,3869,Diepkloof Zone 4
43812,51,14551,43,293,7240,5,7440,358,1145,549,168,33,563,32,1565,347,1235,8194,Diepkloof Zone 5
34161,59,11322,45,261,5391,5,6027,328,997,582,120,40,500,16,928,122,1113,6305,Diepkloof Zone 6
120239,358,39981,145,568,20307,35,20021,1487,2969,15425,218,198,1075,38,1787,706,6008,8913,Dobsonville
1906,4,635,0,1,351,0,284,52,77,162,11,7,20,0,10,7,60,225,Dobsonville Ext 1
21680,43,7205,15,170,3814,6,3415,326,804,1987,24,31,109,3,165,63,752,2748,Dobsonville Ext 2
35726,122,11857,32,829,6287,17,5631,462,1546,2032,73,28,222,5,292,113,1089,5089,Dobsonville Ext 3
5560,5,1852,0,15,1014,0,841,107,230,399,0,17,31,0,38,19,204,788,Dobsonville Ext 4
4711,13,1567,1,12,851,0,722,72,230,291,10,9,45,1,89,25,161,612,Dobsonville Ext 5 & 7
13566,5,4523,2,42,2402,0,2123,213,540,849,24,19,140,0,249,36,356,2043,Dobsonville Gardens
43756,91,14520,60,375,7489,18,7133,1066,1777,1806,160,70,1611,9,1360,102,1235,4874,Doornkop 1
47411,35,15797,18,180,7822,19,8054,470,1950,1633,206,156,363,17,1160,217,2356,6958,Doornkop 2
14038,24,4674,2,50,2417,0,2278,216,1002,387,41,45,393,5,812,40,578,1074,Doornkop AH
54233,91,18070,22,679,8708,10,9415,721,2611,1402,144,189,321,14,581,184,1108,9963,Dube
106745,183,35370,245,609,18381,40,17373,525,2272,2499,328,134,244,15,618,509,2751,24649,Emdeni
14738,240,4715,185,63,2390,9,2558,125,504,315,30,26,310,5,641,47,1354,1221,Freedom Charter Square
134550,243,44934,98,1278,23203,49,21995,1833,11304,3794,224,265,500,56,1661,548,3524,19041,Jabavu
70156,86,23393,39,432,11124,25,12402,270,1366,774,203,55,129,16,615,314,1533,17380,Jabulani
1660,4,558,0,15,269,0,291,55,33,33,2,2,135,1,182,4,30,46,Klipriviersoog
75849,154,25435,65,498,11971,12,13610,981,4777,1646,131,120,326,40,1051,198,3598,11236,Klipspruit
1510,5,501,4,5,100,0,405,16,370,2,3,5,3,0,8,4,29,50,Klipspruit Treatment Works
22527,2438,5149,2306,467,3783,57,3766,254,1545,513,62,35,157,7,477,59,382,1070,Kliptown
69239,240,22991,36,560,11051,39,12095,1767,8789,3836,100,308,214,31,523,149,463,6047,Mapetla
69374,126,23106,30,479,11533,10,11665,1072,2369,6661,95,119,358,18,996,472,489,9776,Meadowlands East Zone 1
26674,54,8838,30,192,4616,21,4300,790,1543,4898,60,46,104,12,164,154,113,739,Meadowlands East Zone 2
28480,73,9452,53,230,4870,1,4666,757,1519,5020,30,30,120,12,414,168,163,902,Meadowlands East Zone 3
34984,52,11754,27,179,5832,20,6001,216,505,580,52,23,690,10,1967,199,742,6135,Meadowlands East Zone 4
41713,76,13867,50,135,6922,13,7048,238,777,1009,93,26,1797,14,3361,181,704,5402,Meadowlands East Zone 5
47030,34,15710,21,134,7795,3,7984,302,711,864,176,93,1379,7,3316,403,1139,6959,Meadowlands West Zone 10
31523,52,10537,34,257,5265,4,5332,201,451,570,98,23,1819,5,1664,163,606,4442,Meadowlands West Zone 6
28754,77,9567,29,136,4845,3,4764,800,1151,1843,114,99,490,7,1038,124,467,3200,Meadowlands West Zone 7
21297,37,7099,9,131,3516,8,3608,740,767,1043,56,31,1319,5,1698,108,109,1013,Meadowlands West Zone 8
35933,55,11972,46,208,6190,6,5842,1633,2521,4460,60,39,270,7,583,203,244,1594,Meadowlands West Zone 9
5619,15,1856,16,126,946,1,929,170,270,449,8,10,63,3,48,30,146,533,Mmesi Park
42474,57,14145,36,271,7468,4,6764,542,2901,1196,137,159,174,29,420,185,867,7119,Mofolo Central
38759,54,12918,31,415,6589,5,6425,143,432,373,184,40,126,5,299,220,1608,8892,Mofolo North
18685,14,6252,9,43,3168,5,3102,90,338,157,45,13,40,1,195,44,424,4745,Mofolo South
44652,104,14861,39,389,7796,9,7139,1493,6335,2547,39,183,165,5,401,135,568,2444,Molapo
44375,156,14771,32,333,7693,13,7132,1596,6592,3557,40,114,147,4,246,82,220,1647,Moletsane
52050,120,17200,39,869,9047,47,8355,612,3473,3332,93,116,213,91,383,141,1204,6715,Moroka
10075,44,3353,9,81,1677,1,1686,440,1625,422,13,26,65,0,88,42,75,428,Moroka North
25109,27,8340,15,98,4033,3,4360,296,676,74,65,75,227,1,1196,77,3971,1575,Motsoaledi
115447,284,38103,60,706,19913,149,18663,3615,15135,10579,125,313,302,213,738,274,718,5557,Naledi Ext 1
25983,30,8648,15,212,4639,1,4035,422,1701,979,84,36,149,4,487,55,645,3841,Naledi Ext 2
34805,5885,5250,6653,1382,6018,66,6097,274,446,330,31,24,163,109,420,79,660,918,Noordgesig
203126,376,67609,155,1183,33621,87,34589,2275,11766,4252,563,278,1656,80,10531,881,10080,23144,Orlando East
121041,286,40398,116,1115,20738,29,19865,1595,7606,4092,296,195,714,28,3596,543,3223,16606,Orlando West
47506,96,15791,35,986,8105,17,7769,544,5341,1216,81,104,163,10,489,140,717,5902,Phiri
22098,28,7345,29,121,3781,8,3611,159,791,212,21,41,98,4,310,77,1526,3936,Pimville Zone 1
21028,61,7034,11,172,3685,5,3370,291,3829,787,45,90,87,1,226,84,287,963,Pimville Zone 2
19790,32,6614,6,70,3466,4,3161,727,2570,1073,51,120,194,4,429,44,187,1038,Pimville Zone 3
27701,176,9117,133,163,4648,0,4618,279,870,615,54,29,1871,6,2601,73,457,1991,Pimville Zone 4
15809,28,5270,8,139,2737,0,2546,174,1004,579,32,35,147,1,271,68,373,2397,Pimville Zone 5
25856,43,8616,10,113,4516,0,4127,313,1244,529,57,31,132,3,328,99,1531,4164,Pimville Zone 6
11968,44,3984,12,362,2131,0,1868,211,760,330,38,9,81,4,153,42,336,1603,Pimville Zone 7
13418,129,4402,67,82,2297,3,2184,147,719,124,28,14,114,4,311,27,1468,1298,Pimville Zone 8
18153,23,6036,13,169,2870,4,3201,214,369,142,19,28,237,4,221,54,3268,1281,Power Park
225727,606,74846,439,2122,39567,114,36067,5312,11971,8084,676,494,5603,81,7681,771,5341,25952,Protea Glen
40494,103,13486,18,592,7221,4,6292,936,2445,1918,97,87,606,3,1096,139,990,4461,Protea North
56281,75,18768,23,335,9118,4,9705,880,4759,1447,222,91,1081,9,3930,108,1822,3904,Protea South
42744,34,14293,10,108,7382,17,6958,123,661,271,112,32,276,8,714,151,1002,10592,Senaoane
25080,33,8361,27,69,4242,1,4156,280,1197,973,119,24,155,1,451,90,1371,3530,Slovoville
27247,41,9081,8,122,4131,8,5010,554,552,1230,61,28,817,8,970,246,2399,1981,Sol Plaatjie
10923,13,3662,26,77,1962,4,1736,417,416,948,51,12,133,5,192,37,245,987,Soteba
8224,6,2751,2,28,681,0,2076,148,673,261,79,9,83,2,343,24,635,423,South Roodepoort Main Reef Areas Gold Mine
82,0,28,0,0,9,0,19,0,7,6,0,0,0,0,0,0,0,13,Stesa AH
120549,168,40170,81,475,20409,47,19967,1413,3787,5399,395,226,991,24,3286,553,5365,17793,Thulani
43183,105,14358,46,202,7248,9,7187,1805,5782,3547,47,80,199,3,398,141,250,1776,Tladi
12698,466,3698,345,136,2146,3,2200,125,1403,304,32,24,74,15,523,28,409,767,Valentine Village/Mandela View
7788,135,2485,117,30,1259,0,1349,60,611,205,10,13,66,3,176,21,397,851,Winnie Camp
133754,98,44567,64,1359,22721,52,22056,369,1616,863,484,203,152,11,899,670,3410,34160,Zola
45098,50,15056,34,262,7570,29,7560,184,464,360,155,97,92,4,624,327,1416,10814,Zondi
6952,10,2332,1,50,1152,0,1191,47,871,38,23,34,26,0,57,10,196,914,Stretford Ext 10
18236,54,6082,12,127,3106,17,3013,112,1915,271,77,21,84,9,254,91,535,2456,Stretford Ext 2
17893,61,5966,44,108,3052,10,2981,128,1803,242,28,68,58,5,225,71,505,2538,Stretford Ext 3
19319,39,6434,11,110,3349,13,3134,165,1927,276,23,59,63,4,194,86,677,2755,Stretford Ext 4
7037,11,2359,4,34,1144,1,1222,62,788,94,10,29,45,0,95,16,227,896,Stretford Ext 5
27748,64,9254,21,123,4783,8,4511,187,3487,300,79,126,103,0,329,125,611,3637,Stretford Ext 6
26658,53,8868,30,121,4531,12,4400,128,3207,301,21,74,60,12,398,50,952,3440,Stretford Ext 7
21104,69,7033,34,234,3585,5,3506,181,2064,257,38,76,86,8,355,110,640,2823,Stretford Ext 8
37109,73,12396,40,155,6330,21,6151,225,4766,281,54,104,135,18,556,115,1245,4444,Stretford Ext 9
158403,349,52701,190,890,25961,70,27298,2821,4872,11924,511,221,2708,33,6536,672,6545,14101,Tshepisong SP
81032,600,26545,511,584,13490,58,13801,1185,4854,1792,375,212,745,15,2826,411,2590,10438,Vlakfontein SP
17558,217,3532,388,1900,2953,2088,3247,206,542,380,50,44,142,39,320,48,342,1120,Zakariyya Park SP
0,0,0,0,0,0,0,0,0,0,0,0,0,0,0,0,0,0,0,Zevenfontein Pipeline